interval_index,start_date,end_date,mid_date,duration_days,component,valid_targets,median_rate_native_per_day,q25_rate_native_per_day,q75_rate_native_per_day,median_pointwise_sigma_per_day,median_standardized_innovation,q90_abs_standardized_innovation
0,2017-05-27,2017-06-08,2017-06-02,12,epsilon_EE,428,8.256057786850755,-16.512724926326616,34.46674894824347,145.97022415921418,0.04645422257994725,0.4115516180466734
0,2017-05-27,2017-06-08,2017-06-02,12,epsilon_NN,428,-7.226082361989693,-150.1781546131636,120.28653592352617,839.262776553957,-0.005055762429696574,0.38702583491941533
0,2017-05-27,2017-06-08,2017-06-02,12,gamma_EN,428,-4.167760624783778,-141.84858483203078,153.06021218472318,846.529569289195,0.00994606211551029,0.4135518725526055
0,2017-05-27,2017-06-08,2017-06-02,12,dilatation,428,-7.9819855034671345,-138.54148331078264,134.46209196864984,856.0643721088343,-0.017381368270292963,0.35792258171711194
0,2017-05-27,2017-06-08,2017-06-02,12,rotation,428,-23.892101821222454,-107.83389935714204,55.54736506552764,423.2647846445975,-0.034719773182779884,0.40182430882277853
1,2017-06-08,2017-06-20,2017-06-14,12,epsilon_EE,428,-4.130753114219416,-48.90699028722187,30.456926971006894,145.97022415921418,-0.012306697834990672,0.6243350179899793
1,2017-06-08,2017-06-20,2017-06-14,12,epsilon_NN,428,24.36218763136823,-145.18276779059246,211.6293200556663,839.2628180879636,0.019263584084502267,0.5152330174330106
1,2017-06-08,2017-06-20,2017-06-14,12,gamma_EN,428,-7.46470523219395,-189.1727012503593,229.13830728441246,846.5295693228172,0.0,0.6148677297820562
1,2017-06-08,2017-06-20,2017-06-14,12,dilatation,428,19.88656516930501,-172.83282956363433,223.8878669401131,856.0643721088343,0.00513045633066414,0.5476626566964489
1,2017-06-08,2017-06-20,2017-06-14,12,rotation,428,31.057462122110373,-50.92193687927414,142.27663772755457,423.2647846614086,0.06765115533386355,0.5730067872603951
2,2017-06-20,2017-07-02,2017-06-26,12,epsilon_EE,428,5.127812823811369,-21.601119862004648,32.26575984403843,145.97022415921418,0.0006810626714071962,0.40536458440750067
2,2017-06-20,2017-07-02,2017-06-26,12,epsilon_NN,428,29.986086124711797,-93.02430177896888,165.25856305639059,839.2628586717074,0.01998038574227356,0.369961336913772
2,2017-06-20,2017-07-02,2017-06-26,12,gamma_EN,428,-2.8304936230137225,-156.58254662288599,169.60949106742595,846.5295693556707,0.010836614705252,0.4028477598119993
2,2017-06-20,2017-07-02,2017-06-26,12,dilatation,428,40.01632244488799,-96.09405433284091,168.79661681491393,856.0643721088343,0.02329675621756639,0.4136610019120289
2,2017-06-20,2017-07-02,2017-06-26,12,rotation,428,-6.573257798808308,-68.90241451162262,72.25078454910536,423.26478467783534,0.0,0.3833846276889351
3,2017-07-02,2017-07-14,2017-07-08,12,epsilon_EE,428,-1.9038454416169064,-25.88559176423868,24.731959601156387,145.97022415921418,-0.0008980252569234634,0.4067318964900323
3,2017-07-02,2017-07-14,2017-07-08,12,epsilon_NN,428,82.96383159110019,-19.82237755589018,184.6350147259723,839.2628983041774,0.07720468561136776,0.30747291415294503
3,2017-07-02,2017-07-14,2017-07-08,12,gamma_EN,428,50.71986756416598,-102.29852032771167,215.93068966062526,846.5295693877536,0.060023181954675556,0.4245194127547776
3,2017-07-02,2017-07-14,2017-07-08,12,dilatation,428,81.36840779695247,-29.34557007713265,178.18589550648295,856.0643721088343,0.06814130934826518,0.32345479585568127
3,2017-07-02,2017-07-14,2017-07-08,12,rotation,428,4.286950912116282,-75.51657329371092,90.53762147496421,423.2647846938768,0.0069799833059752195,0.3695221780049128
4,2017-07-14,2017-07-26,2017-07-20,12,epsilon_EE,428,-32.75991961489005,-80.87184546508678,21.62370735928168,145.97022415921418,-0.19228910084560524,0.8935261808689733
4,2017-07-14,2017-07-26,2017-07-20,12,epsilon_NN,428,-99.60289146706467,-359.2561439033448,156.39962425919228,839.2629369874747,-0.1088339308816598,0.8126777932121327
4,2017-07-14,2017-07-26,2017-07-20,12,gamma_EN,428,189.31147268949405,-135.79804905470223,452.7391084756337,846.5295694190684,0.1926472367753515,0.8937607836017358
4,2017-07-14,2017-07-26,2017-07-20,12,dilatation,428,-133.16413375482432,-409.657748381951,134.4814599276342,856.0643721088343,-0.1400556996034001,0.8141014918811309
4,2017-07-14,2017-07-26,2017-07-20,12,rotation,428,106.37128771991902,-55.44176545778034,251.86029042268234,423.2647847095342,0.19120925639808647,0.9893937143250294
5,2017-07-26,2017-08-07,2017-08-01,12,epsilon_EE,428,15.692662905423557,-35.19390512659176,57.4649257729956,145.97022415921418,0.06954841347951085,0.7186359970843288
5,2017-07-26,2017-08-07,2017-08-01,12,epsilon_NN,428,50.71188595180765,-218.95021891087185,333.63407905773346,839.2629747264565,0.03599900128955503,0.7225259466537048
5,2017-07-26,2017-08-07,2017-08-01,12,gamma_EN,428,-119.98121960279434,-380.48429962644263,114.95340497701395,846.5295694496187,-0.11247225327083878,0.7087097602276146
5,2017-07-26,2017-08-07,2017-08-01,12,dilatation,428,52.82171193509069,-202.02543319558208,350.54689266706185,856.0643721088343,0.04871299438485173,0.7143551786824993
5,2017-07-26,2017-08-07,2017-08-01,12,rotation,428,-4.3141465193337885,-126.282132559983,99.5598189794439,423.2647847248094,0.0,0.6874489950575957
6,2017-08-07,2017-08-19,2017-08-13,12,epsilon_EE,428,49.61513696625495,-3.3632453236409106,95.80678610276422,145.97022415921418,0.28536254616056367,0.8794707222392161
6,2017-08-07,2017-08-19,2017-08-13,12,epsilon_NN,428,-109.07736059368253,-346.9908734863174,96.4079498683118,839.2630115284016,-0.10452983764437532,0.6448753294789501
6,2017-08-07,2017-08-19,2017-08-13,12,gamma_EN,428,-169.92567711462027,-480.6320812632223,163.68672707831087,846.5296225329162,-0.16359741357601418,0.8828653713026564
6,2017-08-07,2017-08-19,2017-08-13,12,dilatation,428,-56.20957664222884,-329.5489328622086,155.03004009988393,856.0643721088343,-0.060474274145574686,0.6337529285047736
6,2017-08-07,2017-08-19,2017-08-13,12,rotation,428,-171.97758265399108,-301.80313649601186,-16.25205785285789,423.2648112664581,-0.3526609762959612,0.955946106048414
7,2017-08-19,2017-08-31,2017-08-25,12,epsilon_EE,428,-19.585264645328074,-68.77255909320603,24.41350782073702,145.97022415921418,-0.11895149574836066,0.936993797830843
7,2017-08-19,2017-08-31,2017-08-25,12,epsilon_NN,428,5.6206710482947315,-178.97897226428617,220.60163662974216,839.2630474027103,0.005440653825599506,0.5618138231735824
7,2017-08-19,2017-08-31,2017-08-25,12,gamma_EN,428,104.79157626418916,-194.8519580037985,400.5623063913961,846.5296225619569,0.12346306458955178,1.06203940004154
7,2017-08-19,2017-08-31,2017-08-25,12,dilatation,428,-16.76903931366836,-226.4819894272535,188.86322851444115,856.0643721088343,-0.0087221846410474,0.5458320571484818
7,2017-08-19,2017-08-31,2017-08-25,12,rotation,428,59.01235843882525,-75.85092193475377,205.73188477913664,423.26481128097845,0.12572196875742503,1.046503602184035
8,2017-08-31,2017-09-24,2017-09-12,24,epsilon_EE,428,5.4763417153879645,-21.479488243377613,48.42842786013306,72.98511207960709,0.04808251110826421,0.9702072712260659
8,2017-08-31,2017-09-24,2017-09-12,24,epsilon_NN,428,23.73245082563232,-89.15473717036252,126.43886724052835,419.6315498800789,0.03742392577213039,0.5442036289592357
8,2017-08-31,2017-09-24,2017-09-12,24,gamma_EN,428,-40.167445821301456,-241.1006432591552,77.78240603569802,423.2649706972091,-0.07706674295516784,0.8380336198886148
8,2017-08-31,2017-09-24,2017-09-12,24,dilatation,428,54.28197071576545,-73.63926542655791,148.32329227439268,428.03218605441714,0.08532346770478055,0.5422684901723758
8,2017-08-31,2017-09-24,2017-09-12,24,rotation,428,-7.859362488746559,-102.84533368277341,49.28161710271654,211.63248534860455,-0.022407022384688245,0.8470299958682332
9,2017-09-24,2017-10-06,2017-09-30,12,epsilon_EE,428,-1.9835728052130022,-16.430051737344563,16.778891349621325,145.97022415921418,-0.012451752600011003,0.23599484954614477
9,2017-09-24,2017-10-06,2017-09-30,12,epsilon_NN,428,17.856047255294207,-51.025607476172674,85.1110410508646,839.2631495798635,0.01281282024424307,0.1772512691980048
9,2017-09-24,2017-10-06,2017-09-30,12,gamma_EN,428,25.087139350875017,-62.9161398015562,113.68864908713513,846.529941434748,0.02540920845329729,0.24483920897761427
9,2017-09-24,2017-10-06,2017-09-30,12,dilatation,428,21.78518506916342,-51.5706862554205,84.12684073893499,856.0643721088343,0.014033901324530081,0.1779778393410317
9,2017-09-24,2017-10-06,2017-09-30,12,rotation,428,11.405174386326149,-35.11675775402456,49.41668366109795,423.264970717374,0.020025476849784864,0.25588428840097954
10,2017-10-06,2017-10-18,2017-10-12,12,epsilon_EE,428,36.23850159775044,8.738446906865935,63.51935568213832,145.97022415921418,0.1924111520245455,0.5371758875312823
10,2017-10-06,2017-10-18,2017-10-12,12,epsilon_NN,428,-202.58898100296327,-335.9344130811455,-74.66200830050721,839.2631818706694,-0.21929866486579003,0.5469626254181988
10,2017-10-06,2017-10-18,2017-10-12,12,gamma_EN,428,-126.70100417067715,-275.195486484302,-0.07060819055602502,846.5295696173055,-0.11126915646363988,0.42298791527205515
10,2017-10-06,2017-10-18,2017-10-12,12,dilatation,428,-177.9389246101773,-315.892948463928,-45.51735797488727,856.0643721088343,-0.18297843989971907,0.49444407748649505
10,2017-10-06,2017-10-18,2017-10-12,12,rotation,428,-102.15265317136203,-170.4112974828702,-30.90213731348499,423.26478480865273,-0.20548154021083814,0.502621228954064
11,2017-10-18,2017-10-30,2017-10-24,12,epsilon_EE,428,-23.11238346782809,-56.61927061441696,11.150835883328336,145.97022415921418,-0.14164845151551714,0.6351107709617771
11,2017-10-18,2017-10-30,2017-10-24,12,epsilon_NN,428,91.788656168791,-102.8250871015446,275.3029353136295,839.2632133036132,0.09417264058828397,0.6177149085360812
11,2017-10-18,2017-10-30,2017-10-24,12,gamma_EN,428,72.01734179020846,-149.08362116772972,324.6145504498544,846.5295696427509,0.06788391606082425,0.687434481668183
11,2017-10-18,2017-10-30,2017-10-24,12,dilatation,428,70.54587680706956,-141.20724273145237,260.96902617145645,856.0643721088343,0.06590872849268824,0.5974082269102685
11,2017-10-18,2017-10-30,2017-10-24,12,rotation,428,58.2134843769855,-47.25562788655718,178.66051961437077,423.26478482137543,0.11086877856968447,0.7662667113842986
12,2017-10-30,2017-11-11,2017-11-05,12,epsilon_EE,428,-7.530505604996673,-49.565150006558454,20.48993353187607,145.97022415921418,-0.03500187534384847,0.7072363833065741
12,2017-10-30,2017-11-11,2017-11-05,12,epsilon_NN,428,92.07246553798254,-43.94411483502125,225.9988527434394,839.263243895713,0.09132243500195694,0.46517404238543053
12,2017-10-30,2017-11-11,2017-11-05,12,gamma_EN,428,103.21143702225288,-103.16994728753022,398.38040059871713,846.529569667516,0.10669235807844832,0.7449769276282815
12,2017-10-30,2017-11-11,2017-11-05,12,dilatation,428,70.00969097730707,-61.92888605435988,222.57682429585785,856.0643721088343,0.06692622863627265,0.461202098415339
12,2017-10-30,2017-11-11,2017-11-05,12,rotation,428,77.65782199093294,-33.65702451412288,212.08012816885895,423.264784833758,0.1687977707096797,0.7961327222666363
13,2017-11-11,2017-11-23,2017-11-17,12,epsilon_EE,428,16.674378919922923,-10.723637403134555,47.69926448985,145.97022415921418,0.09561161444056238,0.5653344539377058
13,2017-11-11,2017-11-23,2017-11-17,12,epsilon_NN,428,27.176856613337755,-97.14337245579722,180.64966371889426,839.2632736646019,0.025167660082577308,0.3942854156161948
13,2017-11-11,2017-11-23,2017-11-17,12,gamma_EN,428,-34.53004599535847,-170.0109617102272,165.44225582217405,846.5295696916145,-0.03044338551299395,0.486687232486642
13,2017-11-11,2017-11-23,2017-11-17,12,dilatation,428,48.03461947338891,-79.70359720206255,178.18827338349402,856.0643721088343,0.045187698492507034,0.4190299357664216
13,2017-11-11,2017-11-23,2017-11-17,12,rotation,428,-32.95091192139097,-103.14664873005503,54.42230954770953,423.26478484580724,-0.0631584255747096,0.5362947932589536
14,2017-11-23,2017-12-05,2017-11-29,12,epsilon_EE,428,-5.50571389173494,-27.531313491535457,18.821434286128184,145.97022415921418,-0.029095801913505165,0.38136665631763916
14,2017-11-23,2017-12-05,2017-11-29,12,epsilon_NN,428,-21.45979828938168,-131.77647558272722,113.67734248934492,839.2633026283901,-0.021776650465296057,0.32372124803322055
14,2017-11-23,2017-12-05,2017-11-29,12,gamma_EN,428,4.623794173638009,-106.26319569211199,133.729939569402,846.5295697150611,0.001337641536150853,0.29996083502178794
14,2017-11-23,2017-12-05,2017-11-29,12,dilatation,428,-23.279787906672194,-127.83578763213083,123.28114771951486,856.0643721088343,-0.020924637595185914,0.30356290341337777
14,2017-11-23,2017-12-05,2017-11-29,12,rotation,428,1.9855838645613584,-59.421480469232144,75.7733386165575,423.26478485753057,0.0006868390755592438,0.33736283499629405
15,2017-12-05,2017-12-17,2017-12-11,12,epsilon_EE,428,-19.385589377382352,-34.843916605585605,-5.7538763523229495,145.97022415921418,-0.11750554519934371,0.34705925703885077
15,2017-12-05,2017-12-17,2017-12-11,12,epsilon_NN,428,-25.013490913210347,-139.65878036615803,79.62010710660564,839.2633308055392,-0.030052884654974847,0.33146522594424177
15,2017-12-05,2017-12-17,2017-12-11,12,gamma_EN,428,115.6235708602615,29.592794515382526,199.65006264151185,846.5295697378713,0.12653115454577651,0.3639721332331313
15,2017-12-05,2017-12-17,2017-12-11,12,dilatation,428,-46.69569853414547,-160.10032605350045,52.124499160040784,856.0643721088343,-0.049234117560696636,0.3270201891143405
15,2017-12-05,2017-12-17,2017-12-11,12,rotation,428,51.73259372126872,7.999395881279017,103.83583019300215,423.26478486893564,0.11192503356515611,0.37718805716982573
16,2017-12-17,2018-01-10,2017-12-29,24,epsilon_EE,428,2.7895895490043854,-25.763794477328986,25.48019144134708,72.98511207960709,0.03351323332867442,0.8929332435667598
16,2017-12-17,2018-01-10,2017-12-29,24,epsilon_NN,428,22.198496434999132,-86.83701077673764,111.72567701718555,419.6316859047265,0.026074038483621026,0.5728880014320175
16,2017-12-17,2018-01-10,2017-12-29,24,gamma_EN,428,-18.19984826291519,-144.73191581258317,117.47589576851534,423.2647848855323,-0.027548225561111764,0.9943560382607468
16,2017-12-17,2018-01-10,2017-12-29,24,dilatation,428,23.21892428005117,-77.79927226543757,95.69074439630964,428.03218605441714,0.015082467548768094,0.5506228140578319
16,2017-12-17,2018-01-10,2017-12-29,24,rotation,428,-10.611875481521068,-72.12790241043203,66.17912325553161,211.63239244276616,-0.03203696876234026,1.0121662218346867
17,2018-01-10,2018-01-22,2018-01-16,12,epsilon_EE,428,33.85837589727666,-5.882917948664858,68.98276757626687,145.97022415921418,0.18400667607579638,0.6948717506487987
17,2018-01-10,2018-01-22,2018-01-16,12,epsilon_NN,428,6.516324533366047,-121.28764569812459,178.43728642084633,839.2634108048248,0.0,0.3651691294201393
17,2018-01-10,2018-01-22,2018-01-16,12,gamma_EN,428,-160.56523406227532,-361.26452632439765,21.53146588264042,846.5295698026321,-0.1631327440250671,0.6536248643478675
17,2018-01-10,2018-01-22,2018-01-16,12,dilatation,428,51.54375509775299,-66.95073029941794,198.1908786631966,856.0643721088343,0.04245308894054671,0.32170341734794095
17,2018-01-10,2018-01-22,2018-01-16,12,rotation,428,-87.77791817562363,-195.50854654635123,11.105296776826613,423.26478490131603,-0.17767702955989578,0.7001801330520239
18,2018-01-22,2018-02-03,2018-01-28,12,epsilon_EE,428,-1.404677603744966,-17.226261373270344,20.3297894022542,145.97022415921418,-0.002162797618061014,0.28206773457873247
18,2018-01-22,2018-02-03,2018-01-28,12,epsilon_NN,428,-75.46946566523181,-154.23447096114396,13.235046761847654,839.2634360234774,-0.07968299777288354,0.2712653677069171
18,2018-01-22,2018-02-03,2018-01-28,12,gamma_EN,428,-9.996848743772691,-165.03094283990535,92.47952361637124,846.529569823047,0.0,0.29414359849425675
18,2018-01-22,2018-02-03,2018-01-28,12,dilatation,428,-69.85644214277592,-164.46714415006824,20.487703876875077,856.0643721088343,-0.07262446018514587,0.2854284412352104
18,2018-01-22,2018-02-03,2018-01-28,12,rotation,428,7.977908782922238,-65.40685106043853,53.78766134592592,423.2647849115235,0.008935547931027542,0.27916387231263456
19,2018-02-03,2018-02-27,2018-02-15,24,epsilon_EE,428,-21.601925345775662,-44.02790554291362,-2.15266888009881,72.98511207960709,-0.25972530015926376,0.8443387359331668
19,2018-02-03,2018-02-27,2018-02-15,24,epsilon_NN,428,23.169971689658702,-72.92305638268886,113.70115510871102,419.63173635150156,0.03252627820783855,0.6032297701321057
19,2018-02-03,2018-02-27,2018-02-15,24,gamma_EN,428,99.01818462235263,-8.727665203910622,232.00581844112642,423.26478492637,0.20415980442529408,0.8505351388152737
19,2018-02-03,2018-02-27,2018-02-15,24,dilatation,428,1.8312310012558441,-94.1562088524473,87.92348426531889,428.03218605441714,-0.012121964491872507,0.5581650146263605
19,2018-02-03,2018-02-27,2018-02-15,24,rotation,428,48.50569782152806,-7.222061010914064,114.93338007197158,211.632392463185,0.19071297779112065,0.8374289497596048
20,2018-02-27,2018-03-11,2018-03-05,12,epsilon_EE,428,-5.625546237990964,-43.38307919580119,33.23573449978979,145.97022415921418,-0.028675364058347173,0.7199844863879901
20,2018-02-27,2018-03-11,2018-03-05,12,epsilon_NN,428,-40.2079406897866,-219.3650180179033,98.51521933285562,839.2635075989879,-0.036840086133841154,0.5269633914696222
20,2018-02-27,2018-03-11,2018-03-05,12,gamma_EN,428,-23.620159511082264,-201.82978558331035,243.70064343023475,846.5295698809884,-0.019088762675863236,0.6230764074684821
20,2018-02-27,2018-03-11,2018-03-05,12,dilatation,428,-58.67369688674245,-238.3498199928752,93.16227668530688,856.0643721088343,-0.058159117187053175,0.49982960071701177
20,2018-02-27,2018-03-11,2018-03-05,12,rotation,428,-6.124424518267176,-79.1998362785292,103.26501528316851,423.2647849404942,-0.016802370375917093,0.6693081600424536
21,2018-03-11,2018-03-23,2018-03-17,12,epsilon_EE,428,0.19200548900328832,-36.417137602130126,38.54461462868842,145.97022415921418,-0.007603940846220432,0.5561637829831269
21,2018-03-11,2018-03-23,2018-03-17,12,epsilon_NN,428,92.66718988864407,-67.08833428079548,262.07271722129445,839.2635301588867,0.08311622929071613,0.5997083158474987
21,2018-03-11,2018-03-23,2018-03-17,12,gamma_EN,428,-75.87259621114877,-416.0908384915854,159.89561055520244,846.5295698992517,-0.07879694223113232,0.7563367915316858
21,2018-03-11,2018-03-23,2018-03-17,12,dilatation,428,87.26495697442502,-60.3431270377312,268.02823189733783,856.0643721088343,0.08253563958320945,0.5526163014091668
21,2018-03-11,2018-03-23,2018-03-17,12,rotation,428,-33.931888797523754,-189.64569362871686,94.58927820334951,423.26478494962583,-0.0608974521461673,0.7586570787636482
22,2018-03-23,2018-04-04,2018-03-29,12,epsilon_EE,428,12.457997708318246,-25.01469694109183,73.4581724602858,145.97022415921418,0.05978364634785098,0.8028803716520941
22,2018-03-23,2018-04-04,2018-03-29,12,epsilon_NN,428,-39.35197623561494,-307.03192286247975,179.15254152997403,839.2635520996614,-0.054510703343146956,0.5960403646118747
22,2018-03-23,2018-04-04,2018-03-29,12,gamma_EN,428,-64.30956032858936,-417.4804178995306,145.6171038512818,846.5295699170132,-0.05397355771251955,0.763688529355375
22,2018-03-23,2018-04-04,2018-03-29,12,dilatation,428,-16.707045165569745,-245.11834396270893,185.83799441024598,856.0643721088343,-0.024890434497303448,0.5498460961716544
22,2018-03-23,2018-04-04,2018-03-29,12,rotation,428,-44.24826891755683,-240.69284124758593,70.27316626722416,423.2647849585066,-0.0872047648741219,0.8531714356580108
23,2018-04-04,2018-04-16,2018-04-10,12,epsilon_EE,428,-26.656543642362397,-65.8477335046903,25.63791624581636,145.15228305116443,-0.15858938752222573,0.8703722455095133
23,2018-04-04,2018-04-16,2018-04-10,12,epsilon_NN,428,-84.24727479697253,-339.8877058060385,125.1082197935611,844.0709646218006,-0.07567779574989306,0.592535462871271
23,2018-04-04,2018-04-16,2018-04-10,12,gamma_EN,428,48.44208456158995,-194.3267035721072,364.5415165580427,851.0295754122382,0.06125984197589682,0.8130584247495418
23,2018-04-04,2018-04-16,2018-04-10,12,dilatation,428,-111.23892746330637,-351.0108837020067,97.30393832799719,860.1790973157808,-0.09303350127663321,0.5829540231066688
23,2018-04-04,2018-04-16,2018-04-10,12,rotation,428,17.031121638976614,-119.70267189438829,165.01264636249635,425.5147877061191,0.024705472307363502,0.8717280374926439
24,2018-04-16,2018-04-28,2018-04-22,12,epsilon_EE,428,18.54564447929269,-18.776904685032633,64.93336054198271,145.20523056127712,0.10221158645550377,0.8506328040551014
24,2018-04-16,2018-04-28,2018-04-22,12,epsilon_NN,428,42.414541517761144,-144.19403610892485,202.7060877747591,843.726937101414,0.033111556179643134,0.566213087258017
24,2018-04-16,2018-04-28,2018-04-22,12,gamma_EN,428,-128.28867620661492,-362.9521423887145,71.40556827339766,850.7690711498617,-0.12015982938556666,0.7982923054296693
24,2018-04-16,2018-04-28,2018-04-22,12,dilatation,428,47.175551804043394,-109.87943181580644,210.04622173073545,859.9748580581952,0.030317382829223402,0.5176287834788994
24,2018-04-16,2018-04-28,2018-04-22,12,rotation,428,-48.50682803591032,-169.6279564424147,75.2723379216892,425.38453557493085,-0.09051400449223038,0.8854997954796124
25,2018-04-28,2018-05-10,2018-05-04,12,epsilon_EE,428,2.0793217904984624,-23.44460285610975,22.054097806565153,145.97022415921418,0.003830752851053528,0.49902139321615646
25,2018-04-28,2018-05-10,2018-05-04,12,epsilon_NN,428,56.539761845206364,-26.125331744910195,165.97974465854028,839.2620981643436,0.051069593469348626,0.31214162750732244
25,2018-04-28,2018-05-10,2018-05-04,12,gamma_EN,428,-50.474858328251415,-198.19600683958532,114.38015851608802,846.5295687400219,-0.05072183987913942,0.5193604322085753
25,2018-04-28,2018-05-10,2018-05-04,12,dilatation,428,57.017565475659765,-24.801439043037483,156.10852687673315,856.0643721088343,0.0462453416756233,0.2640902392145843
25,2018-04-28,2018-05-10,2018-05-04,12,rotation,428,-19.29892635852258,-94.92956273187596,54.600756110592904,423.26478437001094,-0.0320661440167528,0.5232279552615292
26,2018-05-10,2018-05-22,2018-05-16,12,epsilon_EE,428,-4.735183308826389,-48.884666094163464,25.638097090575084,145.97022415921418,-0.021988731625957336,0.6977767835926569
26,2018-05-10,2018-05-22,2018-05-16,12,epsilon_NN,428,-29.098894024587842,-171.40270728541046,126.08486839469217,839.2620981643436,-0.02882368341372192,0.43384673431801596
26,2018-05-10,2018-05-22,2018-05-16,12,gamma_EN,428,1.1200337461232366,-186.09003898779986,222.88161121334005,846.5295687400219,-0.006035459311356477,0.6947504902953912
26,2018-05-10,2018-05-22,2018-05-16,12,dilatation,428,-39.71373151549021,-178.1600979466579,86.15307363176129,856.0643721088343,-0.03816011978222254,0.4239026344661377
26,2018-05-10,2018-05-22,2018-05-16,12,rotation,428,15.761623536815652,-75.18789704098599,129.58943521596814,423.26478437001094,0.031364065372517784,0.7246618351203137
27,2018-05-22,2018-06-03,2018-05-28,12,epsilon_EE,428,12.876859258671402,-38.08907637082269,87.2349724113205,145.97022415921418,0.0712200949638847,1.0164131314837805
27,2018-05-22,2018-06-03,2018-05-28,12,epsilon_NN,428,15.258492230934348,-247.13877020235137,298.20026728988347,839.2620981643436,0.006532624515244502,0.6309136198312152
27,2018-05-22,2018-06-03,2018-05-28,12,gamma_EN,428,-68.210925955806,-486.6678995108722,279.1569874919759,846.5295687400219,-0.07193173842941801,1.0215561983963817
27,2018-05-22,2018-06-03,2018-05-28,12,dilatation,428,33.735571536981524,-190.2605188959573,319.54462095735005,856.0643721088343,0.03029379414791659,0.6377790844661706
27,2018-05-22,2018-06-03,2018-05-28,12,rotation,428,-46.4339713192001,-272.1050848520517,106.52655726219825,423.26478437001094,-0.08300458179336481,1.091464644890674
28,2018-06-03,2018-06-15,2018-06-09,12,epsilon_EE,428,-30.589061697839792,-58.9411396468691,-7.261269065875405,145.97022415921418,-0.17801165280000095,0.6322162432695811
28,2018-06-03,2018-06-15,2018-06-09,12,epsilon_NN,428,-37.27775013286974,-226.35453763874665,109.59319781936831,839.2620981643436,-0.025578976228600427,0.44280294970612777
28,2018-06-03,2018-06-15,2018-06-09,12,gamma_EN,428,229.36568623784785,92.0316868282259,391.0500454956328,846.5295687400219,0.24769948697215405,0.6177690781193171
28,2018-06-03,2018-06-15,2018-06-09,12,dilatation,428,-76.75065848375947,-260.04297131704647,74.59223507651318,856.0643721088343,-0.0714606599895451,0.48811453800899685
28,2018-06-03,2018-06-15,2018-06-09,12,rotation,428,79.61181337172063,24.308582820476857,169.78425669099107,423.26478437001094,0.17646878330160795,0.5382143130082399
29,2018-06-15,2018-06-27,2018-06-21,12,epsilon_EE,428,22.27266970383082,-20.32801016357555,59.66235754982594,145.97022415921418,0.12710889981484363,0.8711317956958058
29,2018-06-15,2018-06-27,2018-06-21,12,epsilon_NN,428,40.77029117643707,-167.39381108131883,274.6559155558807,839.2620981643436,0.02017991645925175,0.598949760731891
29,2018-06-15,2018-06-27,2018-06-21,12,gamma_EN,428,-229.93068130806796,-448.73632906488376,-1.7482526938534222,846.5295687400219,-0.20647003342807393,0.9330659436074732
29,2018-06-15,2018-06-27,2018-06-21,12,dilatation,428,41.18492215058649,-147.85818126838376,306.7443750525612,856.0643721088343,0.03044900675801232,0.5957759392698396
29,2018-06-15,2018-06-27,2018-06-21,12,rotation,428,-57.515550553039716,-171.23714286293637,70.7371831402139,423.26478437001094,-0.12046337877904284,0.858053882726123
30,2018-06-27,2018-07-09,2018-07-03,12,epsilon_EE,428,8.575049562416723,-28.223105575188082,34.69468821017205,145.97022415921418,0.03001094102863671,0.4435305932032636
30,2018-06-27,2018-07-09,2018-07-03,12,epsilon_NN,428,-37.751650242941224,-178.36698257450894,139.36368017194394,839.2620981643436,-0.032462784834429076,0.43979366177008883
30,2018-06-27,2018-07-09,2018-07-03,12,gamma_EN,428,32.24646912194486,-173.56456803249918,205.25330074338265,846.5295687400219,0.031693386135922846,0.4899845091520865
30,2018-06-27,2018-07-09,2018-07-03,12,dilatation,428,-35.652034561993695,-181.37544828039046,140.38710435419426,856.0643721088343,-0.019883505475232842,0.4357131805771345
30,2018-06-27,2018-07-09,2018-07-03,12,rotation,428,-10.221620652688308,-108.45280273935008,84.90870001109278,423.26478437001094,-0.019852740721285025,0.5132910132110748
31,2018-07-09,2018-07-21,2018-07-15,12,epsilon_EE,428,-4.468338765146924,-74.87921029351679,56.829729364234645,145.97022415921418,-0.02355893040500552,1.0936887582210777
31,2018-07-09,2018-07-21,2018-07-15,12,epsilon_NN,428,12.043917939341632,-241.55752056999404,197.81818128558007,839.2620981643436,0.0,0.638796409534034
31,2018-07-09,2018-07-21,2018-07-15,12,gamma_EN,428,55.589102237233426,-293.94346629331983,433.28339640342875,846.5295687400219,0.057882306886028315,1.0885329769581082
31,2018-07-09,2018-07-21,2018-07-15,12,dilatation,428,-4.64637974251581,-198.22357053198726,168.29631829870573,856.0643721088343,-0.012975542129645594,0.6151784288750806
31,2018-07-09,2018-07-21,2018-07-15,12,rotation,428,0.6770652738335576,-179.35826234017674,213.97617988861967,423.26478437001094,0.0,1.1172531490900912
32,2018-07-21,2018-08-02,2018-07-27,12,epsilon_EE,428,-18.024215453290935,-59.78140570809741,35.39868381396398,145.97022415921418,-0.08599806591004673,0.8059243092538194
32,2018-07-21,2018-08-02,2018-07-27,12,epsilon_NN,428,121.76612950673712,-81.59917759387835,292.2329408152014,839.2620981643436,0.11767959661241574,0.5447374436900017
32,2018-07-21,2018-08-02,2018-07-27,12,gamma_EN,428,61.002311194863985,-198.52677724616754,348.3649496902812,846.5295687400219,0.08242723236866117,0.8233889121154706
32,2018-07-21,2018-08-02,2018-07-27,12,dilatation,428,101.06672678929019,-59.43424331546496,247.5178727180023,856.0643721088343,0.10193428898328954,0.5133808510694188
32,2018-07-21,2018-08-02,2018-07-27,12,rotation,428,61.44503356733681,-86.60321521275483,204.1244527545414,423.26478437001094,0.1405714273484218,0.873440029499083
33,2018-08-02,2018-08-14,2018-08-08,12,epsilon_EE,428,10.398136244718161,-14.320659101753161,37.66562691033824,145.97022415921418,0.05544507076420924,0.42653134545477583
33,2018-08-02,2018-08-14,2018-08-08,12,epsilon_NN,428,-85.32317866601943,-207.05960667664652,69.29937498772776,839.2620981643436,-0.09907733726054968,0.41519989508237387
33,2018-08-02,2018-08-14,2018-08-08,12,gamma_EN,428,-42.18725399573721,-226.22052580886202,117.74734893317472,846.5295687400219,-0.041758944775085224,0.4057245833425309
33,2018-08-02,2018-08-14,2018-08-08,12,dilatation,428,-68.57088277740587,-208.28737979359667,84.53398672194129,856.0643721088343,-0.07399839561925822,0.4004552481817888
33,2018-08-02,2018-08-14,2018-08-08,12,rotation,428,-38.532382167034484,-122.16849536834837,48.81498115127724,423.26478437001094,-0.07462446642455438,0.4219097832399794
34,2018-08-14,2018-08-26,2018-08-20,12,epsilon_EE,428,-11.736097503889795,-32.938848028160024,17.559616521011954,145.97022415921418,-0.058008095834150404,0.45442195416260744
34,2018-08-14,2018-08-26,2018-08-20,12,epsilon_NN,428,31.821977815904248,-111.38182355041866,169.46216381111597,839.2620981643436,0.02058598621741,0.3655874390373847
34,2018-08-14,2018-08-26,2018-08-20,12,gamma_EN,428,55.54911404951959,-108.20880667701337,190.18683412659476,846.5295687400219,0.05611062564739001,0.46616294522864643
34,2018-08-14,2018-08-26,2018-08-20,12,dilatation,428,24.70400990894308,-124.55810506858099,157.37573527771377,856.0643721088343,0.012891371992938917,0.3583877809751557
34,2018-08-14,2018-08-26,2018-08-20,12,rotation,428,36.42069433831182,-50.618104862886106,99.8566729786395,423.26478437001094,0.06156159090481855,0.4378793847990368
35,2018-08-26,2018-09-07,2018-09-01,12,epsilon_EE,428,-0.03770122910076183,-19.33851627052873,18.330557846654813,145.97022415921418,0.0,0.3739585618569811
35,2018-08-26,2018-09-07,2018-09-01,12,epsilon_NN,428,-50.41544672593423,-151.59908513468724,58.53687171527485,839.2629835531313,-0.05464829780380548,0.3350603499017949
35,2018-08-26,2018-09-07,2018-09-01,12,gamma_EN,428,8.126285853815663,-97.71081325537969,142.11124612736305,846.5295694572542,0.0038291002255173667,0.3909456022568867
35,2018-08-26,2018-09-07,2018-09-01,12,dilatation,428,-61.179294759566446,-161.37953168691598,62.21063162632157,856.0643721088343,-0.05524462870067508,0.34389345935071464
35,2018-08-26,2018-09-07,2018-09-01,12,rotation,428,-1.428289203682614,-57.659596386846054,55.959863674220664,423.2647847286271,0.0,0.3702346817179489
36,2018-09-07,2018-09-19,2018-09-13,12,epsilon_EE,428,14.27601175755472,-2.0320363210097367,37.77715408044385,145.97022415921418,0.0881985646682093,0.4501009497744497
36,2018-09-07,2018-09-19,2018-09-13,12,epsilon_NN,428,32.53303422309481,-66.12218759419417,122.19389582135379,839.2629835531313,0.02958284438956267,0.2727423149040778
36,2018-09-07,2018-09-19,2018-09-13,12,gamma_EN,428,-92.59238707473673,-245.5343506315118,-0.30787695787677305,846.5295694572542,-0.10037080869118056,0.4346217531756463
36,2018-09-07,2018-09-19,2018-09-13,12,dilatation,428,49.54820980495965,-43.825942962992926,156.73600851161999,856.0643721088343,0.04459105721181844,0.28846909422279443
36,2018-09-07,2018-09-19,2018-09-13,12,rotation,428,-41.18238771377017,-116.04827422308898,5.224973143001542,423.2647847286271,-0.09540454015687513,0.4368732990562856
37,2018-09-19,2018-10-01,2018-09-25,12,epsilon_EE,428,-3.4916118811464445,-110.59522883864193,43.34117291417326,145.97022415921418,-0.026773423964426793,1.429694692733455
37,2018-09-19,2018-10-01,2018-09-25,12,epsilon_NN,428,-82.19040823211328,-439.7120985646477,233.3903780981671,839.2620981643436,-0.07487668402826878,1.1414029358269921
37,2018-09-19,2018-10-01,2018-09-25,12,gamma_EN,428,103.70214975773723,-212.63039082211174,874.3357415593451,846.5295687400219,0.10996858572091568,1.9308209783568122
37,2018-09-19,2018-10-01,2018-09-25,12,dilatation,428,-97.33825036349498,-493.55582642760015,220.878331918684,856.0643721088343,-0.08924875701676888,1.2265226074661035
37,2018-09-19,2018-10-01,2018-09-25,12,rotation,428,49.8996824528886,-119.02522971691853,395.1131866311273,423.26478437001094,0.09343433477996002,1.841814185558231
38,2018-10-01,2018-10-13,2018-10-07,12,epsilon_EE,428,6.863940793791349,-30.747217384301244,66.90795250133424,145.97022415921418,0.03793219691085346,1.2574918667464614
38,2018-10-01,2018-10-13,2018-10-07,12,epsilon_NN,428,-62.7055283286377,-328.45832587792177,125.24668081350876,839.262761822722,-0.0680453765646335,0.7379558227092708
38,2018-10-01,2018-10-13,2018-10-07,12,gamma_EN,428,50.719623177292775,-210.8840845643251,269.16013357038275,846.5295692754693,0.039891054010900845,0.9474236306373206
38,2018-10-01,2018-10-13,2018-10-07,12,dilatation,428,-54.16561980413656,-359.7184733395052,166.729302377445,856.0643721088343,-0.04612316704603409,0.7728975164440642
38,2018-10-01,2018-10-13,2018-10-07,12,rotation,428,2.1025381077813985,-116.71728232892492,107.59382381328791,423.26478463773464,0.006772407173360227,0.9525797767122869
39,2018-10-13,2018-10-25,2018-10-19,12,epsilon_EE,428,5.242296994840897,-17.522740777756084,37.82644075853548,145.97022415921418,0.02022138215427528,0.4959166148741502
39,2018-10-13,2018-10-25,2018-10-19,12,epsilon_NN,428,147.17875743932672,13.266895516461574,402.4721652326187,839.2631465219731,0.14658117555097508,0.7038805188380578
39,2018-10-13,2018-10-25,2018-10-19,12,gamma_EN,428,-39.80630992930246,-210.63989447582827,90.1865203669327,846.5295695863389,-0.025524394265895048,0.44781959776330044
39,2018-10-13,2018-10-25,2018-10-19,12,dilatation,428,164.0028254743669,13.429135209150793,407.64581824263195,856.0643721088343,0.1644217217783951,0.6944057325302188
39,2018-10-13,2018-10-25,2018-10-19,12,rotation,428,3.7891645093717696,-61.67739839665167,64.69837730201287,423.26478479316944,0.00940790211525113,0.41029163208873287
40,2018-10-25,2018-11-06,2018-10-31,12,epsilon_EE,428,4.565975684872447,-13.917144378857955,16.02708162331828,145.97022415921418,0.003821017568357888,0.20761314838594286
40,2018-10-25,2018-11-06,2018-10-31,12,epsilon_NN,428,-15.494671781532901,-78.14622097292536,22.506924113834756,839.2631500933171,-0.020556769805574374,0.17937005128128666
40,2018-10-25,2018-11-06,2018-10-31,12,gamma_EN,428,-6.535596465635324,-64.26943535378084,88.35537169285558,846.529569589256,0.006178675768232746,0.19246064430414345
40,2018-10-25,2018-11-06,2018-10-31,12,dilatation,428,-19.257493919449864,-87.28714059964855,27.639439117745734,856.0643721088343,-0.021423613953480157,0.17186878502049885
40,2018-10-25,2018-11-06,2018-10-31,12,rotation,428,-5.582624246836335,-42.373462950640395,44.20296192230513,423.264784794628,0.0,0.1943112641819593
41,2018-11-06,2018-11-30,2018-11-18,24,epsilon_EE,428,0.4987643500672734,-21.74438755994553,24.037042946206412,72.98511207960709,0.001572947695051717,0.930140472119423
41,2018-11-06,2018-11-30,2018-11-18,24,epsilon_NN,428,50.0237757111277,-88.76552152282174,171.3186330388151,419.6316132000236,0.09584696402333134,0.8423900380856285
41,2018-11-06,2018-11-30,2018-11-18,24,gamma_EN,428,-12.51146231775239,-157.21379287970362,210.40872795179183,423.264784825471,-0.023603878141885543,1.234608635450726
41,2018-11-06,2018-11-30,2018-11-18,24,dilatation,428,55.52916292021901,-87.07606729528516,158.11536406570104,428.03218605441714,0.08639462985218824,0.8350707542149626
41,2018-11-06,2018-11-30,2018-11-18,24,rotation,428,3.3541035674217143,-71.32349875628766,109.52421867126922,211.6323924127355,0.0022859619383793074,1.2592690091920133
42,2018-11-30,2018-12-12,2018-12-06,12,epsilon_EE,428,10.519056894078282,-28.62691481524462,41.680317527548,145.97022415921418,0.050314087123414404,0.7552405432404495
42,2018-11-30,2018-12-12,2018-12-06,12,epsilon_NN,428,-123.46299634641012,-266.3123504665206,36.28773203475706,839.2629416599709,-0.11744045416809636,0.549680191337888
42,2018-11-30,2018-12-12,2018-12-06,12,gamma_EN,428,-34.32578361486323,-190.76765765435226,223.65923063099638,846.5295694205772,-0.026787872063591733,0.7075925712024731
42,2018-11-30,2018-12-12,2018-12-06,12,dilatation,428,-111.18421372378211,-250.201653504448,28.195280729705466,856.0643721088343,-0.1194752675515729,0.5575877291535697
42,2018-11-30,2018-12-12,2018-12-06,12,rotation,428,-35.60523548635088,-112.93570011717281,80.25150397955858,423.2647847102886,-0.06500178421062885,0.6860927061482428
43,2018-12-12,2018-12-24,2018-12-18,12,epsilon_EE,428,-4.429839532049342,-19.048838858806754,12.133762256809836,145.97022415921418,-0.025636530763689304,0.23823729228683535
43,2018-12-12,2018-12-24,2018-12-18,12,epsilon_NN,428,50.17889356192555,-29.347431648817395,115.94176660589926,839.2620981643436,0.04264721656069184,0.22158009792880667
43,2018-12-12,2018-12-24,2018-12-18,12,gamma_EN,428,31.891236219962984,-64.36635645912645,113.67247320380699,846.5295687400219,0.03423375045592246,0.24996652305191044
43,2018-12-12,2018-12-24,2018-12-18,12,dilatation,428,39.64636360817087,-32.90416850297767,114.93594148912486,856.0643721088343,0.03947437476642591,0.2191810378599662
43,2018-12-12,2018-12-24,2018-12-18,12,rotation,428,27.036501844501018,-20.651111958640225,65.21907364051573,423.26478437001094,0.05339572499699731,0.2584659002060762
44,2018-12-24,2019-01-05,2018-12-30,12,epsilon_EE,428,-0.4155630882782074,-27.059361772663184,33.01752909986648,145.97022415921418,0.0,0.4251531921766659
44,2018-12-24,2019-01-05,2018-12-30,12,epsilon_NN,428,-50.62966179843206,-203.14066645558358,91.09003400590572,839.2620981643436,-0.04336463148185925,0.399556176318125
44,2018-12-24,2019-01-05,2018-12-30,12,gamma_EN,428,-16.9769242527681,-170.45861595017004,126.36948732540074,846.5295687400219,-0.004039407643644327,0.3659877379004081
44,2018-12-24,2019-01-05,2018-12-30,12,dilatation,428,-57.567434429004656,-205.7457661683464,106.42155517084473,856.0643721088343,-0.04510772581601222,0.4277683607185449
44,2018-12-24,2019-01-05,2018-12-30,12,rotation,428,2.408375968530928,-78.2127907920745,55.785025692362495,423.26478437001094,0.0017254498621733206,0.32681504463998956
45,2019-01-05,2019-01-17,2019-01-11,12,epsilon_EE,428,-1.3086038554152992,-87.09865679348326,61.42242753509656,145.97022415921418,-0.010778209108024784,1.2493255822588691
45,2019-01-05,2019-01-17,2019-01-11,12,epsilon_NN,428,-22.493295438103736,-428.74272875085546,324.185552675582,839.2620981643436,-0.0292177349413004,1.2089463842246555
45,2019-01-05,2019-01-17,2019-01-11,12,gamma_EN,428,-9.39711374779502,-454.1156964653003,644.4597576333001,846.5295687400219,-0.0020990945648340074,1.505463083067175
45,2019-01-05,2019-01-17,2019-01-11,12,dilatation,428,-52.135193483721324,-446.4798840294052,311.1598430733304,856.0643721088343,-0.04512401882996507,1.1966299173522272
45,2019-01-05,2019-01-17,2019-01-11,12,rotation,428,-8.920667642908406,-229.28934749667914,282.3862652261204,423.26478437001094,-0.011252608416455902,1.5556669941315142
46,2019-01-17,2019-01-29,2019-01-23,12,epsilon_EE,428,1.7178576746651233,-57.910016356689,77.38620751356787,145.97022415921418,0.001414047384539665,1.0485254964009365
46,2019-01-17,2019-01-29,2019-01-23,12,epsilon_NN,428,97.74818368889532,-233.17582133807832,437.13550922373827,839.2620981643436,0.08322716229551236,0.9771746713948642
46,2019-01-17,2019-01-29,2019-01-23,12,gamma_EN,428,-53.899094290142145,-617.6486400322543,419.15795746956576,846.5295687400219,-0.03602463696694952,1.2774683616729519
46,2019-01-17,2019-01-29,2019-01-23,12,dilatation,428,109.10129020330001,-210.21500566310067,421.91041492316117,856.0643721088343,0.09332901055527715,0.9329880351529454
46,2019-01-17,2019-01-29,2019-01-23,12,rotation,428,-12.329985715532711,-275.7450580772016,208.57800071255548,423.26478437001094,-0.012977262164727055,1.3825960200984764
47,2019-01-29,2019-02-10,2019-02-04,12,epsilon_EE,428,4.334442333225244,-59.75107139495743,55.99079315319641,145.97022415921418,0.026674153941061554,1.0898240421457739
47,2019-01-29,2019-02-10,2019-02-04,12,epsilon_NN,428,-32.77233191186491,-250.32986045741725,144.3285916176824,839.2620981643436,-0.04561861399845115,0.6209825823437279
47,2019-01-29,2019-02-10,2019-02-04,12,gamma_EN,428,-18.2190521561857,-334.14504795661395,350.0785890337821,846.5295687400219,-0.010742254844830958,1.143876527860032
47,2019-01-29,2019-02-10,2019-02-04,12,dilatation,428,-55.335514929213176,-239.66307433469677,126.44433625152678,856.0643721088343,-0.0514336608213138,0.5440843113916883
47,2019-01-29,2019-02-10,2019-02-04,12,rotation,428,-10.676926316956454,-182.91456706086433,188.39780888854665,423.26478437001094,-0.022787749199076772,1.2355139119960326
48,2019-02-10,2019-02-22,2019-02-16,12,epsilon_EE,428,-11.478529485386563,-56.325166815128654,38.592545458240565,145.97022415921418,-0.07007793096398321,0.9005228333757296
48,2019-02-10,2019-02-22,2019-02-16,12,epsilon_NN,428,100.05062967188945,-125.33136305380886,294.78853686061666,839.2620981643436,0.08104851045611668,0.7374555771383026
48,2019-02-10,2019-02-22,2019-02-16,12,gamma_EN,428,73.15422760974064,-313.03395262735927,359.6520145072501,846.5295687400219,0.06421190371509783,1.085027476055633
48,2019-02-10,2019-02-22,2019-02-16,12,dilatation,428,100.61592936920476,-133.4228415547912,283.6575499001797,856.0643721088343,0.08359863619053495,0.620738498002232
48,2019-02-10,2019-02-22,2019-02-16,12,rotation,428,46.76773190295856,-149.76994213162646,219.14298369067356,423.26478437001094,0.10473533616362607,1.1576498132629178
49,2019-02-22,2019-03-06,2019-02-28,12,epsilon_EE,428,-22.000356552565897,-94.53247944260204,34.18811810198505,145.97022415921418,-0.13343429788503008,1.1485835750491324
49,2019-02-22,2019-03-06,2019-02-28,12,epsilon_NN,428,-148.51109022363843,-409.27078068745186,142.62514904293516,839.2620981643436,-0.13886174173104676,0.8941815165710816
49,2019-02-22,2019-03-06,2019-02-28,12,gamma_EN,428,182.97700003722753,-199.84473324376518,609.0142330151291,846.5295687400219,0.19401628795582354,1.1832410941069114
49,2019-02-22,2019-03-06,2019-02-28,12,dilatation,428,-150.25612649140038,-437.90118042159656,98.46686201947757,856.0643721088343,-0.15964691787491886,0.8679978895955175
49,2019-02-22,2019-03-06,2019-02-28,12,rotation,428,71.69663002783574,-105.54635761650108,263.2303227505398,423.26478437001094,0.1356768879017135,1.2317393622035555
50,2019-03-06,2019-03-18,2019-03-12,12,epsilon_EE,428,25.630839905668616,-17.791171146991672,88.98376354588021,145.97022415921418,0.13409774960292178,0.9165027860339903
50,2019-03-06,2019-03-18,2019-03-12,12,epsilon_NN,428,43.29902691915539,-215.7596891345462,316.7544572626582,839.2620981643436,0.0456049857751701,0.6836336069715415
50,2019-03-06,2019-03-18,2019-03-12,12,gamma_EN,428,-182.5720401577525,-553.1554051101666,123.40266511801208,846.5295687400219,-0.20700967519244398,1.021462484227048
50,2019-03-06,2019-03-18,2019-03-12,12,dilatation,428,77.04940417187416,-170.22842231491836,335.6448942775516,856.0643721088343,0.06882279626522243,0.7068169098863131
50,2019-03-06,2019-03-18,2019-03-12,12,rotation,428,-88.70332017488334,-255.7464212621887,61.2999052689124,423.26478437001094,-0.18461783256177414,1.0755111247965652
51,2019-03-18,2019-03-30,2019-03-24,12,epsilon_EE,428,7.5378207829965085,-0.8421375441376917,21.050643667306364,145.97022415921418,0.04304887115047227,0.21925822086849597
51,2019-03-18,2019-03-30,2019-03-24,12,epsilon_NN,428,32.158142509177196,-33.093207799913294,106.88676683354306,839.2620981643436,0.030950139415118316,0.18054491553840363
51,2019-03-18,2019-03-30,2019-03-24,12,gamma_EN,428,-73.28195913608332,-160.58217116243688,13.153179881666233,846.5295687400219,-0.06263782799994785,0.23033518236813044
51,2019-03-18,2019-03-30,2019-03-24,12,dilatation,428,43.07549830431883,-30.89700674666766,123.70798003220213,856.0643721088343,0.044972719415476294,0.1943373789807721
51,2019-03-18,2019-03-30,2019-03-24,12,rotation,428,-31.50236869115318,-72.49521983431197,9.578432343996669,423.26478437001094,-0.050796378673908196,0.22874884787614957
52,2019-03-30,2019-04-11,2019-04-05,12,epsilon_EE,428,-3.126447312387161,-21.713417183262557,14.742474374154376,145.97022415921418,-0.019244794311769096,0.2638962916006823
52,2019-03-30,2019-04-11,2019-04-05,12,epsilon_NN,428,36.64654929262217,-36.87863200951908,108.93892695917137,839.2620981643436,0.030185902247988075,0.23061981201456636
52,2019-03-30,2019-04-11,2019-04-05,12,gamma_EN,428,-5.682625525773059,-115.870244869326,103.72604549768134,846.5295687400219,0.0031703979590315345,0.2843311590236441
52,2019-03-30,2019-04-11,2019-04-05,12,dilatation,428,28.17559989390048,-40.602573177895366,107.56690777188234,856.0643721088343,0.021363618324750994,0.21705510433591127
52,2019-03-30,2019-04-11,2019-04-05,12,rotation,428,0.3081674309181797,-45.435083821426275,52.99613462469557,423.26478437001094,0.016713471163778224,0.27524313381854465
53,2019-04-11,2019-04-23,2019-04-17,12,epsilon_EE,428,-22.874813053930467,-48.75372996786564,3.9546935476726035,145.97022415921418,-0.1404918192479776,0.4612311648674208
53,2019-04-11,2019-04-23,2019-04-17,12,epsilon_NN,428,-30.792688199020013,-229.62943446630402,145.9716913072371,839.2620981643436,-0.042652468350857134,0.5781332330482533
53,2019-04-11,2019-04-23,2019-04-17,12,gamma_EN,428,98.88464498999122,-53.847868161213945,256.1892727357383,846.5295687400219,0.10116932964000569,0.558813846297254
53,2019-04-11,2019-04-23,2019-04-17,12,dilatation,428,-59.541401876979684,-254.91792220541134,119.23904994251274,856.0643721088343,-0.062295600102214896,0.5552326845538441
53,2019-04-11,2019-04-23,2019-04-17,12,rotation,428,46.23541645765183,-47.841125894892386,135.0682313675386,423.26478437001094,0.09652530958743927,0.5733525003985378
54,2019-04-23,2019-05-05,2019-04-29,12,epsilon_EE,428,25.408340271625775,-7.8557222301038525,52.182998212717905,145.97022415921418,0.1352166383920605,0.5302591273191284
54,2019-04-23,2019-05-05,2019-04-29,12,epsilon_NN,428,18.790409822907794,-203.76303300304755,203.61130136859106,839.2620981643436,0.006787129006315165,0.574980631189166
54,2019-04-23,2019-05-05,2019-04-29,12,gamma_EN,428,-112.10890904893576,-286.85973604007313,67.25401472382612,846.5295687400219,-0.09041810986654755,0.48594201108324336
54,2019-04-23,2019-05-05,2019-04-29,12,dilatation,428,40.07168736846924,-166.83010705275348,225.58740755472826,856.0643721088343,0.030006683455842068,0.5450660103403642
54,2019-04-23,2019-05-05,2019-04-29,12,rotation,428,-67.01384207029795,-163.9215562265083,30.226412128076774,423.26478437001094,-0.12193875730364595,0.5673166625786036
55,2019-05-05,2019-05-17,2019-05-11,12,epsilon_EE,428,-21.596022494465622,-45.23308776640747,4.672284063800098,145.97022415921418,-0.12501178070465857,0.5100533774120231
55,2019-05-05,2019-05-17,2019-05-11,12,epsilon_NN,428,45.551923507347496,-104.50840194148216,158.54732831691732,839.2620981643436,0.03722408510518066,0.3927008726298741
55,2019-05-05,2019-05-17,2019-05-11,12,gamma_EN,428,40.963843358674474,-117.19156957451078,199.34140004492244,846.5295687400219,0.03912659810831101,0.5229742116386428
55,2019-05-05,2019-05-17,2019-05-11,12,dilatation,428,35.03160560151137,-131.7117846352828,150.3718272183589,856.0643721088343,0.014678847505880983,0.4109944670272474
55,2019-05-05,2019-05-17,2019-05-11,12,rotation,428,27.166227183100467,-59.355315255201724,95.37738549142502,423.26478437001094,0.053907099218597446,0.5562035185956264
56,2019-05-17,2019-05-29,2019-05-23,12,epsilon_EE,428,-0.3346105902140888,-44.067603168977506,28.0792472429133,145.97022415921418,-0.006653642197837314,0.6243996964545276
56,2019-05-17,2019-05-29,2019-05-23,12,epsilon_NN,428,-53.26320197497663,-176.496088853999,66.344595359356,839.2620981643436,-0.05583791057956131,0.36466563997067797
56,2019-05-17,2019-05-29,2019-05-23,12,gamma_EN,428,-39.40290582261772,-167.10289736418707,124.68007140821422,846.5295687400219,-0.028503289971564674,0.5294756547674594
56,2019-05-17,2019-05-29,2019-05-23,12,dilatation,428,-63.69693502843018,-195.85767197087557,58.25391427676751,856.0643721088343,-0.07327372507254087,0.40339855587675105
56,2019-05-17,2019-05-29,2019-05-23,12,rotation,428,-17.74609459298121,-73.56229398143515,74.0710767835885,423.26478437001094,-0.03415953105594144,0.5093354854740759
57,2019-05-29,2019-06-10,2019-06-04,12,epsilon_EE,428,27.239621065477714,-9.864694004569097,72.12991369616736,145.97022415921418,0.14697902993403883,0.6358219057250398
57,2019-05-29,2019-06-10,2019-06-04,12,epsilon_NN,428,17.359541264430582,-198.42994768414212,254.3810890467127,839.2620981643436,0.019097943485969368,0.630299935651883
57,2019-05-29,2019-06-10,2019-06-04,12,gamma_EN,428,-218.3058106418185,-546.7729536163229,99.92797054114416,846.5295687400219,-0.1990721132215546,0.938383253816741
57,2019-05-29,2019-06-10,2019-06-04,12,dilatation,428,62.59219252529424,-146.09633593480743,310.4759528823929,856.0643721088343,0.04874646221469696,0.5881710123459715
57,2019-05-29,2019-06-10,2019-06-04,12,rotation,428,-94.1235858752066,-247.08627183131935,47.77034524989283,423.26478437001094,-0.1902353845247733,0.9349749628764678
58,2019-06-10,2019-06-22,2019-06-16,12,epsilon_EE,428,-6.603566799872873,-24.885474597597856,20.084787311174377,145.97022415921418,-0.04841183303397442,0.40602864204813044
58,2019-06-10,2019-06-22,2019-06-16,12,epsilon_NN,428,-7.419318823125673,-207.59031999309522,120.39794586198923,839.2620981643436,-0.008724423961978697,0.48509215128627436
58,2019-06-10,2019-06-22,2019-06-16,12,gamma_EN,428,-39.06608621658071,-166.7484002115778,67.20711452722266,846.5295687400219,-0.023721053142423634,0.4092880332557178
58,2019-06-10,2019-06-22,2019-06-16,12,dilatation,428,-7.2642327147940655,-211.02396263792153,126.36924274047495,856.0643721088343,-0.015128603535096603,0.47078785587108596
58,2019-06-10,2019-06-22,2019-06-16,12,rotation,428,-18.467817092060407,-80.68410685176659,32.108656710969576,423.26478437001094,-0.03523287870217251,0.4057872054692266
59,2019-06-22,2019-07-04,2019-06-28,12,epsilon_EE,428,-29.86986819071354,-68.21859280306249,-1.956240832944858,145.9699616041819,-0.17310274664330322,0.7011447092271867
59,2019-06-22,2019-07-04,2019-06-28,12,epsilon_NN,428,-10.090397933820414,-129.6244955303086,99.73731915766103,839.2631934173322,-0.012390637141019662,0.3729631528168199
59,2019-06-22,2019-07-04,2019-06-28,12,gamma_EN,428,104.40785575269418,-63.67905983697394,295.1800021133302,846.5307662317261,0.12299769079201908,0.6600804338759024
59,2019-06-22,2019-07-04,2019-06-28,12,dilatation,428,-42.715291283877974,-173.55931989270735,78.64250106081052,856.065822433831,-0.04939607263416865,0.34916064034971656
59,2019-06-22,2019-07-04,2019-06-28,12,rotation,428,58.77348703657104,-19.183057953324695,138.55834412204723,423.2653831158631,0.12236366558967457,0.6536215968312793
60,2019-07-04,2019-07-16,2019-07-10,12,epsilon_EE,428,-2.901069446566523,-105.85582183249859,48.90350116271061,137.19904266337767,-0.03127254294677715,1.7813491602281317
60,2019-07-04,2019-07-16,2019-07-10,12,epsilon_NN,428,177.1407279424528,-154.8083281864491,607.6699434544058,886.5778774631326,0.14888054740443685,1.3637069561410284
60,2019-07-04,2019-07-16,2019-07-10,12,gamma_EN,428,3.6614295660033958,-264.9870836476488,403.0910346916793,891.6149663111812,0.014308556075738565,0.9991492372594213
60,2019-07-04,2019-07-16,2019-07-10,12,dilatation,428,177.4891725784613,-172.25461957029455,563.5879844494775,900.4671695850764,0.14257994461247037,1.1650163660924793
60,2019-07-04,2019-07-16,2019-07-10,12,rotation,428,59.29765643073735,-123.33941200098852,267.3920836701263,445.8074831555906,0.11696719033414327,1.354266935203449
61,2019-07-16,2019-07-28,2019-07-22,12,epsilon_EE,428,-6.770497085791384,-39.892883789084124,34.91832601154266,145.96902002366681,-0.044482905825844674,0.5822998681836542
61,2019-07-16,2019-07-28,2019-07-22,12,epsilon_NN,428,81.46728919019642,-54.37238959983491,196.39765052608698,839.2669220961448,0.07677455051543432,0.46440692862706967
61,2019-07-16,2019-07-28,2019-07-22,12,gamma_EN,428,-5.549930377023162,-219.53736663041926,187.17064535059856,846.5351319045619,-0.0015422210582714028,0.5302886491491703
61,2019-07-16,2019-07-28,2019-07-22,12,dilatation,428,72.17835278272199,-49.97787057617144,197.3569553056235,856.0710546469427,0.07175588393493745,0.45032725256275385
61,2019-07-16,2019-07-28,2019-07-22,12,rotation,428,10.770026148737049,-91.68404235622555,96.50980529980087,423.26756595228096,0.026873120509403593,0.503151264010043
62,2019-07-28,2019-08-09,2019-08-03,12,epsilon_EE,407,11.03708541808386,-10.784586524996316,41.42322587739486,148.94495639286944,0.05447465612664703,0.4907255472822588
62,2019-07-28,2019-08-09,2019-08-03,12,epsilon_NN,407,-92.79709350149848,-218.82242143642503,44.325454322479295,855.3872785943328,-0.08949067315873227,0.43429604281403356
62,2019-07-28,2019-08-09,2019-08-03,12,gamma_EN,407,-68.64787451533337,-248.45663942875385,79.33908583551607,859.9987725964252,-0.07332817380551572,0.4658590953759444
62,2019-07-28,2019-08-09,2019-08-03,12,dilatation,407,-86.01958580147324,-207.20353855314798,58.898177551183295,870.4101317819503,-0.07533901000934753,0.4323505838528612
62,2019-07-28,2019-08-09,2019-08-03,12,rotation,407,-43.48696492244101,-150.54299609054698,30.216858422320698,429.9993862982126,-0.08294192997225906,0.5177240200193923
63,2019-08-09,2019-08-15,2019-08-12,6,epsilon_EE,407,-55.33069649947552,-90.14711004246362,-16.127679416399577,297.8898785887911,-0.17547692141124238,0.43710885773702596
63,2019-08-09,2019-08-15,2019-08-12,6,epsilon_NN,407,-69.28009571520558,-311.859550058482,182.2332769323388,1710.7746235838065,-0.04313495499820053,0.33691794274450093
63,2019-08-09,2019-08-15,2019-08-12,6,gamma_EN,407,313.6770382887596,56.455515505661154,609.3195614787917,1719.9976547902527,0.17606682503067214,0.5114895491159073
63,2019-08-09,2019-08-15,2019-08-12,6,dilatation,407,-114.31554421551063,-359.61552319985606,131.42936874464485,1740.820478539363,-0.0677677906735965,0.36336425931313354
63,2019-08-09,2019-08-15,2019-08-12,6,rotation,407,176.33669520243862,-1.475798197820105,300.4183822005902,859.9988273951263,0.19507119927968594,0.4642713677983622
64,2019-08-15,2019-08-21,2019-08-18,6,epsilon_EE,428,44.95085000038297,14.603461039056594,76.12815262656862,291.93802198629555,0.1411914581933319,0.33259685495196395
64,2019-08-15,2019-08-21,2019-08-18,6,epsilon_NN,428,-119.18371291873385,-314.0243169432209,87.88887276547311,1678.5339444168326,-0.06413583988348003,0.2866410748391742
64,2019-08-15,2019-08-21,2019-08-18,6,gamma_EN,428,-337.8889925212585,-535.0584257220448,-152.8329827162408,1693.0692994357616,-0.1675383312824382,0.4128276896966404
64,2019-08-15,2019-08-21,2019-08-18,6,dilatation,428,-63.25061531390395,-257.97295284641143,121.38217273122628,1712.1421359050942,-0.0322885607437378,0.2863815809588574
64,2019-08-15,2019-08-21,2019-08-18,6,rotation,428,-119.37608156009875,-232.058153259657,-12.43303394719874,846.5346497178808,-0.11405595674363411,0.3740117748646868
65,2019-08-21,2019-08-27,2019-08-24,6,epsilon_EE,428,-24.048714174472643,-94.06903530473252,27.007258535634353,291.93804311804206,-0.06811899728190461,0.5103643653600933
65,2019-08-21,2019-08-27,2019-08-24,6,epsilon_NN,428,-112.73574926330036,-495.6230224570078,213.49122085804925,1678.5338528009663,-0.06903288693210523,0.47657478336355974
65,2019-08-21,2019-08-27,2019-08-24,6,gamma_EN,428,227.02896993092168,-67.17372090896212,603.185996909848,1693.069206020043,0.11188953424542872,0.5917597592611045
65,2019-08-21,2019-08-27,2019-08-24,6,dilatation,428,-166.72090365458712,-488.39015258747236,133.16322325069564,1712.1420287495516,-0.08915466100081527,0.4552422585479367
65,2019-08-21,2019-08-27,2019-08-24,6,rotation,428,-6.443727121039634,-149.3678441646845,250.71891972993362,846.5346030100216,-0.0032359907808754878,0.5950712282929592
66,2019-08-27,2019-09-02,2019-08-30,6,epsilon_EE,428,-63.88147514477656,-186.7584206162234,30.630362524781205,291.9379430410163,-0.18128993933834103,0.9304970088669706
66,2019-08-27,2019-09-02,2019-08-30,6,epsilon_NN,428,93.59757765402338,-243.21492629320227,502.4216037360777,1678.5343976712588,0.04482926736966064,0.544449512657321
66,2019-08-27,2019-09-02,2019-08-30,6,gamma_EN,428,334.41804723286793,-261.6449422618193,1059.485254160245,1693.069726746158,0.17425752414964363,0.9265640628533334
66,2019-08-27,2019-09-02,2019-08-30,6,dilatation,428,5.595560044917583,-345.79992974285653,440.5440942569653,1712.1425572158214,0.0025641031621774593,0.5493922928279467
66,2019-08-27,2019-09-02,2019-08-30,6,rotation,428,191.16804123523002,-87.56506815267818,570.4066137615108,846.534863373079,0.1894491160370383,0.944335760000582
67,2019-09-02,2019-09-08,2019-09-05,6,epsilon_EE,428,9.079646786887434,-115.07463171027155,150.0336349819777,291.93786977900584,0.022674612187568624,1.0951588942138464
67,2019-09-02,2019-09-08,2019-09-05,6,epsilon_NN,428,198.349142572012,-268.4784448500736,593.0163816903121,1678.5347766249256,0.10170587203564888,0.6906514630535612
67,2019-09-02,2019-09-08,2019-09-05,6,gamma_EN,428,-11.363883912951703,-981.1828856018365,699.235467502956,1693.0701073878138,-0.0010305592796671069,1.1048533736209087
67,2019-09-02,2019-09-08,2019-09-05,6,dilatation,428,256.0503118233198,-183.70896335554855,623.6552123350409,1712.142935165482,0.11070415979674599,0.6517761036983554
67,2019-09-02,2019-09-08,2019-09-05,6,rotation,428,30.11925242276238,-433.67940252335956,366.4187977699097,846.5350536939069,0.03229613224320194,1.1394997818356833
68,2019-09-08,2019-09-14,2019-09-11,6,epsilon_EE,428,61.85003732143173,-13.018305851459884,135.36052220490663,291.93796444013594,0.19946882586441533,0.7264191504928433
68,2019-09-08,2019-09-14,2019-09-11,6,epsilon_NN,428,-187.0128726008196,-458.96844610004274,98.66064087398183,1678.5342608184737,-0.09743548460794894,0.42773275597110616
68,2019-09-08,2019-09-14,2019-09-11,6,gamma_EN,428,-352.63238469093335,-705.3573691375018,69.25489982199518,1693.0697963524042,-0.1889688992653636,0.6104130776650256
68,2019-09-08,2019-09-14,2019-09-11,6,dilatation,428,-135.0774743689823,-393.434329369455,150.7332723950585,1712.1424349428798,-0.07315818078168719,0.41437131787933956
68,2019-09-08,2019-09-14,2019-09-11,6,rotation,428,-163.72156683325503,-339.0323817751564,5.651210733271529,846.5348981762021,-0.1694690798763156,0.6737793757015453
69,2019-09-14,2019-09-20,2019-09-17,6,epsilon_EE,428,-5.556264312867674,-92.66457878484238,51.36622815653568,291.93804311804206,-0.021545732536527702,0.6371794874329313
69,2019-09-14,2019-09-20,2019-09-17,6,epsilon_NN,428,28.14909799548711,-262.92499208877325,294.2822956451483,1678.5338425674986,0.004177121912409411,0.4262248457492027
69,2019-09-14,2019-09-20,2019-09-17,6,gamma_EN,428,46.19201245105445,-295.50481252127497,555.8218929053287,1693.0693887582706,0.025432699938610637,0.6878978226591173
69,2019-09-14,2019-09-20,2019-09-17,6,dilatation,428,-14.44970920874017,-260.3492683141044,266.8643966851015,1712.1420287495516,-0.009429557254870012,0.4054632576821958
69,2019-09-14,2019-09-20,2019-09-17,6,rotation,428,25.66891272436886,-146.57632847085543,298.3086537460872,846.5346943791353,0.030815685184936444,0.7431984824366235
70,2019-09-20,2019-09-26,2019-09-23,6,epsilon_EE,428,-52.49202267349088,-158.61091691015426,30.74683522499624,291.937972297174,-0.1602111473032808,0.804744232174191
70,2019-09-20,2019-09-26,2019-09-23,6,epsilon_NN,428,-96.49753227011232,-491.1680965663798,286.19078464816874,1678.5338425674986,-0.05593971524224056,0.6383382668795764
70,2019-09-20,2019-09-26,2019-09-23,6,gamma_EN,428,344.1945651380306,-179.899881122063,1010.55367669521,1693.069206012113,0.1882453593182255,0.8680349695597196
70,2019-09-20,2019-09-26,2019-09-23,6,dilatation,428,-152.9166249073947,-581.6899784780297,226.99658454725068,1712.1421152482512,-0.08833844103381588,0.5934500469892352
70,2019-09-20,2019-09-26,2019-09-23,6,rotation,428,134.7111383322349,-131.43525538186802,435.8773227808548,846.5346030060565,0.13419641245390015,0.90768266896626
71,2019-09-26,2019-10-02,2019-09-29,6,epsilon_EE,428,54.67918558740489,-41.387111612401114,205.8289269542614,291.937972297174,0.1733721221703664,1.145158922389754
71,2019-09-26,2019-10-02,2019-09-29,6,epsilon_NN,428,198.51000985788298,-242.26745113401213,813.0814230327094,1678.5338425716873,0.09999063314137298,0.8446533530801463
71,2019-09-26,2019-10-02,2019-09-29,6,gamma_EN,428,-371.12166061746836,-1222.6228711985507,234.48560601567138,1693.0692063390775,-0.18287197310439568,1.1706708036954079
71,2019-09-26,2019-10-02,2019-09-29,6,dilatation,428,279.44624017096095,-153.4282333091862,851.3013839160756,1712.1421152482512,0.15276036874576188,0.8179058712283407
71,2019-09-26,2019-10-02,2019-09-29,6,rotation,428,-154.30995789498348,-512.8592824030559,135.89057521206655,846.5346031695387,-0.15502630888691069,1.194270380497514
72,2019-10-02,2019-10-08,2019-10-05,6,epsilon_EE,428,32.89941841278561,-5.700042470493036,81.19806156015864,291.93804311804206,0.09853816956828927,0.3606181712811599
72,2019-10-02,2019-10-08,2019-10-05,6,epsilon_NN,428,-102.77977590041294,-279.1505450733897,69.70479234115443,1678.5338425716873,-0.05898053780411798,0.25691239007457034
72,2019-10-02,2019-10-08,2019-10-05,6,gamma_EN,428,-205.34599344853913,-468.44855766806154,87.05965387377336,1693.0692063390775,-0.10220081088240338,0.38145350610780976
72,2019-10-02,2019-10-08,2019-10-05,6,dilatation,428,-55.15542914852281,-207.8550373294647,100.49516517374369,1712.1420287495516,-0.03353234312537398,0.22736303282820777
72,2019-10-02,2019-10-08,2019-10-05,6,rotation,428,-121.86166608637605,-261.66284910851516,37.39171297533211,846.5346031695387,-0.12692336439240545,0.3988539971981693
73,2019-10-08,2019-10-14,2019-10-11,6,epsilon_EE,428,-42.831628408504464,-85.5294199803752,-9.820790010516063,291.93804311804206,-0.14500688946581994,0.3900911467238488
73,2019-10-08,2019-10-14,2019-10-11,6,epsilon_NN,428,12.381650681715442,-106.80647153350992,121.23348790591378,1678.5338425674986,0.0006410599054893971,0.19167587962607702
73,2019-10-08,2019-10-14,2019-10-11,6,gamma_EN,428,259.26798440199354,46.96445696384545,442.77745181483624,1693.069206012113,0.1311187509763732,0.3909161463090652
73,2019-10-08,2019-10-14,2019-10-11,6,dilatation,428,-27.42231331089707,-156.72892674170168,78.3420844676836,1712.1420287495516,-0.02197587425612818,0.19248029995170352
73,2019-10-08,2019-10-14,2019-10-11,6,rotation,428,120.97172562185985,31.697745221181258,240.495088972932,846.5346030060565,0.12915915189610605,0.3937428532877176
74,2019-10-14,2019-10-20,2019-10-17,6,epsilon_EE,428,39.723973350482865,-25.390808009596082,83.06618649710978,291.93804311804206,0.12589766130564042,0.47717488196749785
74,2019-10-14,2019-10-20,2019-10-17,6,epsilon_NN,428,48.731380466180646,-231.47703301979033,294.38858858823653,1678.5338425674986,0.022917903305785955,0.33752421455770615
74,2019-10-14,2019-10-20,2019-10-17,6,gamma_EN,428,-187.53984615183236,-541.8697485267195,239.23954590886777,1693.069206012113,-0.09661386553627506,0.5640951222746394
74,2019-10-14,2019-10-20,2019-10-17,6,dilatation,428,69.36210369253835,-205.86755220340387,301.0989850907245,1712.1420287495516,0.03944879272664109,0.3305968239136203
74,2019-10-14,2019-10-20,2019-10-17,6,rotation,428,-107.55038785712478,-275.6221942635412,129.60203900322261,846.5346030060565,-0.12155847154454699,0.5542492072934999
75,2019-10-20,2019-10-26,2019-10-23,6,epsilon_EE,428,-14.903866603825811,-71.94311470143869,51.14185293616587,291.9380386227714,-0.04658518132634158,0.5485136702341694
75,2019-10-20,2019-10-26,2019-10-23,6,epsilon_NN,428,-158.1339083811701,-341.9425064924389,127.64633721907624,1678.5338425674986,-0.07734082101574255,0.34421748203490654
75,2019-10-20,2019-10-26,2019-10-23,6,gamma_EN,428,93.9102177655638,-267.47698505859114,491.84691907888777,1693.069206012113,0.05718056315388144,0.5574768096919808
75,2019-10-20,2019-10-26,2019-10-23,6,dilatation,428,-126.72135323236549,-368.3616271616072,110.56891295123307,1712.1420342400745,-0.06814041039690182,0.3503186991372187
75,2019-10-20,2019-10-26,2019-10-23,6,rotation,428,64.763154318041,-144.28773629563244,262.9267923139659,846.5346030060565,0.06808449126678087,0.5267064117201491
76,2019-10-26,2019-11-07,2019-11-01,12,epsilon_EE,428,4.121731642881582,-5.274502848085223,18.582556470080895,145.9690193113857,0.02516268451908623,0.22229769825679913
76,2019-10-26,2019-11-07,2019-11-01,12,epsilon_NN,428,35.72088300078001,-6.755449275749057,83.5872926945777,839.2669212837493,0.03172428199706072,0.19141588742497936
76,2019-10-26,2019-11-07,2019-11-01,12,gamma_EN,428,-4.4958321003650585,-89.607536507124,54.851430479123074,846.5346030060565,-0.0061067384571054616,0.25339743221853867
76,2019-10-26,2019-11-07,2019-11-01,12,dilatation,428,38.90338754874976,-1.9108859536750904,89.39123356036205,856.0710171200373,0.03162874963291404,0.17778933879375378
76,2019-10-26,2019-11-07,2019-11-01,12,rotation,428,-1.5687300222257434,-47.17225863279554,25.510647387423926,423.26730150302825,-0.005821060079588828,0.2603656960729084
77,2019-11-07,2019-11-19,2019-11-13,12,epsilon_EE,428,-4.110167774303578,-20.203642943648106,10.07402049642405,145.96902155902103,-0.03141730630029718,0.2170387717135383
77,2019-11-07,2019-11-19,2019-11-13,12,epsilon_NN,428,-101.98618026304432,-208.08620433523743,-29.17397397510957,839.2669212837493,-0.12177421940701426,0.36596182119320925
77,2019-11-07,2019-11-19,2019-11-13,12,gamma_EN,428,67.88292752076259,-2.5130948427913844,149.05835013495152,846.5346030060565,0.08159809887930057,0.2532060790637375
77,2019-11-07,2019-11-19,2019-11-13,12,dilatation,428,-108.68251487539197,-222.08835900487256,-25.46475856820043,856.0710143747758,-0.12613714079204144,0.38588107846802966
77,2019-11-07,2019-11-19,2019-11-13,12,rotation,428,18.81650075765771,-14.528215583560218,53.60286810665239,423.26730150302825,0.049313151553331325,0.18844109220862496
78,2019-11-19,2019-11-25,2019-11-22,6,epsilon_EE,428,-8.204262433699308,-74.7060371919589,46.749467750160704,291.9378151933355,-0.023133475782251712,0.5487181264199146
78,2019-11-19,2019-11-25,2019-11-22,6,epsilon_NN,428,140.6708473693194,-208.35006451978208,491.651830358546,1678.5351105097593,0.06968651512892587,0.5386245091681002
78,2019-11-19,2019-11-25,2019-11-22,6,gamma_EN,428,46.150147993595795,-336.492810110152,553.4514665777253,1693.0692189120969,0.023398704081406534,0.6888790308269538
78,2019-11-19,2019-11-25,2019-11-22,6,dilatation,428,98.76040357898236,-224.36619481412293,422.85399830516553,1712.1425724707196,0.041337413410528004,0.5468435953113849
78,2019-11-19,2019-11-25,2019-11-22,6,rotation,428,58.224547631269914,-122.15915687924293,305.6248811426234,846.5346094560484,0.06498798591175972,0.7020489988668484
